{
  "parent": "minecraft:block/block",
  "textures": { "all": "minecraft:block/destroy_stage_3" },
  "ambientocclusion": false,
  "render_type": "translucent",
  "elements": [
    {
      "from": [0,0,0], "to": [16,16,16],
      "faces": {
        "north": { "texture": "#all" },
        "south": { "texture": "#all" },
        "west":  { "texture": "#all" },
        "east":  { "texture": "#all" },
        "up":    { "texture": "#all" },
        "down":  { "texture": "#all" }
      }
    }
  ]
}
