{
  "type": "minecraft:block",
  "pools": [
    {
      "rolls": 1,
      "conditions": [
        { "condition": "minecraft:survives_explosion" }
      ],
      "entries": [
        {
          "type": "minecraft:item",
          "name": "minecraft:oak_log",
          "conditions": [
            {
              "condition": "minecraft:match_tool",
              "predicate": { "tag": "minecraft:axes" }
            }
          ]
        }
      ]
    }
  ],
  "random_sequence": "minecraft:blocks/oak_log"
}
