{
  "parent": "stone2steel:block/fireboard",
  "display": {
    "gui": { "rotation": [90, 0, 0], "translation": [0, 0, 0], "scale": [1.0, 1.0, 1.0] },
    "ground": { "translation": [0, 3, 0], "scale": [0.5, 0.5, 0.5] },
    "fixed": { "scale": [0.9, 0.9, 0.9] },
    "thirdperson_righthand": { "rotation": [75, 45, 0], "translation": [0, 2.5, 0], "scale": [0.8, 0.8, 0.8] },
    "thirdperson_lefthand":  { "rotation": [75, 45, 0], "translation": [0, 2.5, 0], "scale": [0.8, 0.8, 0.8] },
    "firstperson_righthand": { "rotation": [0, 45, 0],  "translation": [0, 2, 0],   "scale": [0.8, 0.8, 0.8] },
    "firstperson_lefthand":  { "rotation": [0, 45, 0],  "translation": [0, 2, 0],   "scale": [0.8, 0.8, 0.8] }
  },
  "gui_light": "front"
}
